,Links,Images,Title,Price,Rating,Description,Review
1,https://amazon.com/SAMSUNG-Android-Speakers-Upgraded-Graphite/dp/B0CLF3VPMV/ref=sr_1_1?content-id=amzn1.sym.48dedb24-204f-4fb3-a22a-bd005b512d57&dib=eyJ2IjoiMSJ9.axb5pLx7iXmz3Z663U3PiqaJxBEtvBPEttFkwDEN6wruVzTDRVcLIR7iZOjcy3SuN_rS2wMJRbcCDwHLAzmmZcs6TGzPz-ZBXyP-VkZytdk81SAt6RcQyj0TLCpFiWe8m6PNPI9cxyjAl2GcQjLUZ-TWSDk8YAkmr_hf_RPSWHy7NZwYn9kIT6Mr4QPVauwCR5J85dw2pXfZHGAzUn5wey7kKTPMbBQgNsVmqC1bPHVUk7U4Yfg0foQ0iuOReV2UJYB9PeDwi7nZUAD9pG-cCmA2wu-b3_qc0Q7oa8TjJEc.SnLMTXhcWGEAthI0kaGw-DOCtOGeCP--tfOvzGLHAsg&dib_tag=se&pd_rd_r=825293e6-c0c3-4415-86a6-67dda8ed433a&pd_rd_w=qVEL7&pd_rd_wg=lZyVa&pf_rd_p=48dedb24-204f-4fb3-a22a-bd005b512d57&pf_rd_r=1ER3G2Q97SB5HS078X29&qid=1733124858&refinements=p_72%3A1248879011&s=computers-intl-ship&sr=1-1,https://m.media-amazon.com/images/I/61d46oYQgdL._AC_UL320_.jpg,"Samsung Galaxy Tab A9+ Tablet 11” 64GB Android Tablet, Big Screen, Quad Speakers, Upgraded Chipset, Multi Window Display, Slim, Light, Durable Design, US Version, 2024, Graphite",149,4.5,"Samsung Galaxy Tab A9+ Tablet 11” 64GB Android Tablet, Big Screen, Quad Speakers, Upgraded Chipset, Multi Window Display, Slim, Light, Durable Design, US Version, 2024, Graphite",
2,https://amazon.com/Seagate-Portable-External-Hard-Drive/dp/B07CRG94G3/ref=sr_1_2?content-id=amzn1.sym.48dedb24-204f-4fb3-a22a-bd005b512d57&dib=eyJ2IjoiMSJ9.axb5pLx7iXmz3Z663U3PiqaJxBEtvBPEttFkwDEN6wruVzTDRVcLIR7iZOjcy3SuN_rS2wMJRbcCDwHLAzmmZcs6TGzPz-ZBXyP-VkZytdk81SAt6RcQyj0TLCpFiWe8m6PNPI9cxyjAl2GcQjLUZ-TWSDk8YAkmr_hf_RPSWHy7NZwYn9kIT6Mr4QPVauwCR5J85dw2pXfZHGAzUn5wey7kKTPMbBQgNsVmqC1bPHVUk7U4Yfg0foQ0iuOReV2UJYB9PeDwi7nZUAD9pG-cCmA2wu-b3_qc0Q7oa8TjJEc.SnLMTXhcWGEAthI0kaGw-DOCtOGeCP--tfOvzGLHAsg&dib_tag=se&pd_rd_r=825293e6-c0c3-4415-86a6-67dda8ed433a&pd_rd_w=qVEL7&pd_rd_wg=lZyVa&pf_rd_p=48dedb24-204f-4fb3-a22a-bd005b512d57&pf_rd_r=1ER3G2Q97SB5HS078X29&qid=1733124858&refinements=p_72%3A1248879011&s=computers-intl-ship&sr=1-2,https://m.media-amazon.com/images/I/71OMBvpTLvL._AC_UL320_.jpg,"Seagate Portable 2TB External Hard Drive HDD — USB 3.0 for PC, Mac, PlayStation, & Xbox -1-Year Rescue Service (STGX2000400)",64,4.6,"Seagate Portable 2TB External Hard Drive HDD — USB 3.0 for PC, Mac, PlayStation, & Xbox -1-Year Rescue Service (STGX2000400)",
3,https://amazon.com/SAMSUNG-Computing-Workstations-MZ-V9P4T0B-AM/dp/B0CHGT1KFJ/ref=sr_1_3?content-id=amzn1.sym.48dedb24-204f-4fb3-a22a-bd005b512d57&dib=eyJ2IjoiMSJ9.axb5pLx7iXmz3Z663U3PiqaJxBEtvBPEttFkwDEN6wruVzTDRVcLIR7iZOjcy3SuN_rS2wMJRbcCDwHLAzmmZcs6TGzPz-ZBXyP-VkZytdk81SAt6RcQyj0TLCpFiWe8m6PNPI9cxyjAl2GcQjLUZ-TWSDk8YAkmr_hf_RPSWHy7NZwYn9kIT6Mr4QPVauwCR5J85dw2pXfZHGAzUn5wey7kKTPMbBQgNsVmqC1bPHVUk7U4Yfg0foQ0iuOReV2UJYB9PeDwi7nZUAD9pG-cCmA2wu-b3_qc0Q7oa8TjJEc.SnLMTXhcWGEAthI0kaGw-DOCtOGeCP--tfOvzGLHAsg&dib_tag=se&pd_rd_r=825293e6-c0c3-4415-86a6-67dda8ed433a&pd_rd_w=qVEL7&pd_rd_wg=lZyVa&pf_rd_p=48dedb24-204f-4fb3-a22a-bd005b512d57&pf_rd_r=1ER3G2Q97SB5HS078X29&qid=1733124858&refinements=p_72%3A1248879011&s=computers-intl-ship&sr=1-3,https://m.media-amazon.com/images/I/81WuG6lQuDL._AC_UL320_.jpg,"SAMSUNG 990 PRO SSD 4TB PCIe 4.0 M.2 2280 Internal Solid State Hard Drive, Seq. Read Speeds Up to 7,450 MB/s for High End Computing, Gaming, and Heavy Duty Workstations, MZ-V9P4T0B/AM",,4.8,"SAMSUNG 990 PRO SSD 4TB PCIe 4.0 M.2 2280 Internal Solid State Hard Drive, Seq. Read Speeds Up to 7,450 MB/s for High End Computing, Gaming, and Heavy Duty Workstations, MZ-V9P4T0B/AM",
4,https://amazon.com/ASUS-ROG-Strix-Gaming-Laptop/dp/B0CRDCXRK2/ref=sr_1_4?content-id=amzn1.sym.48dedb24-204f-4fb3-a22a-bd005b512d57&dib=eyJ2IjoiMSJ9.axb5pLx7iXmz3Z663U3PiqaJxBEtvBPEttFkwDEN6wruVzTDRVcLIR7iZOjcy3SuN_rS2wMJRbcCDwHLAzmmZcs6TGzPz-ZBXyP-VkZytdk81SAt6RcQyj0TLCpFiWe8m6PNPI9cxyjAl2GcQjLUZ-TWSDk8YAkmr_hf_RPSWHy7NZwYn9kIT6Mr4QPVauwCR5J85dw2pXfZHGAzUn5wey7kKTPMbBQgNsVmqC1bPHVUk7U4Yfg0foQ0iuOReV2UJYB9PeDwi7nZUAD9pG-cCmA2wu-b3_qc0Q7oa8TjJEc.SnLMTXhcWGEAthI0kaGw-DOCtOGeCP--tfOvzGLHAsg&dib_tag=se&pd_rd_r=825293e6-c0c3-4415-86a6-67dda8ed433a&pd_rd_w=qVEL7&pd_rd_wg=lZyVa&pf_rd_p=48dedb24-204f-4fb3-a22a-bd005b512d57&pf_rd_r=1ER3G2Q97SB5HS078X29&qid=1733124858&refinements=p_72%3A1248879011&s=computers-intl-ship&sr=1-4,https://m.media-amazon.com/images/I/81GrCeuCzxL._AC_UL320_.jpg,"ASUS ROG Strix G16 (2024) Gaming Laptop, 16” 16:10 FHD 165Hz Display, NVIDIA® GeForce RTX™ 4060, Intel Core i7-13650HX, 16GB DDR5, 1TB PCIe Gen4 SSD, Wi-Fi 6E, Windows 11, G614JV-AS74","1,099.00",4.3,"ASUS ROG Strix G16 (2024) Gaming Laptop, 16” 16:10 FHD 165Hz Display, NVIDIA® GeForce RTX™ 4060, Intel Core i7-13650HX, 16GB DDR5, 1TB PCIe Gen4 SSD, Wi-Fi 6E, Windows 11, G614JV-AS74",
5,https://amazon.com/Display-i3-N305-Graphics-Windows-AG15-31P-3947/dp/B0CV5ZSR17/ref=sr_1_5?content-id=amzn1.sym.48dedb24-204f-4fb3-a22a-bd005b512d57&dib=eyJ2IjoiMSJ9.axb5pLx7iXmz3Z663U3PiqaJxBEtvBPEttFkwDEN6wruVzTDRVcLIR7iZOjcy3SuN_rS2wMJRbcCDwHLAzmmZcs6TGzPz-ZBXyP-VkZytdk81SAt6RcQyj0TLCpFiWe8m6PNPI9cxyjAl2GcQjLUZ-TWSDk8YAkmr_hf_RPSWHy7NZwYn9kIT6Mr4QPVauwCR5J85dw2pXfZHGAzUn5wey7kKTPMbBQgNsVmqC1bPHVUk7U4Yfg0foQ0iuOReV2UJYB9PeDwi7nZUAD9pG-cCmA2wu-b3_qc0Q7oa8TjJEc.SnLMTXhcWGEAthI0kaGw-DOCtOGeCP--tfOvzGLHAsg&dib_tag=se&pd_rd_r=825293e6-c0c3-4415-86a6-67dda8ed433a&pd_rd_w=qVEL7&pd_rd_wg=lZyVa&pf_rd_p=48dedb24-204f-4fb3-a22a-bd005b512d57&pf_rd_r=1ER3G2Q97SB5HS078X29&qid=1733124858&refinements=p_72%3A1248879011&s=computers-intl-ship&sr=1-5,https://m.media-amazon.com/images/I/71wKJVtV-+L._AC_UL320_.jpg,"Acer Aspire Go 15 Slim Laptop | 15.6"" Full HD IPS 1080P Display | Intel Core i3-N305| Intel UHD Graphics | 8GB LPDDR5 | 128GB HD | Wi-Fi 6 | AI PC | Windows 11 Home in S Mode | AG15-31P-3947",299,4.2,"Acer Aspire Go 15 Slim Laptop | 15.6"" Full HD IPS 1080P Display | Intel Core i3-N305| Intel UHD Graphics | 8GB LPDDR5 | 128GB HD | Wi-Fi 6 | AI PC | Windows 11 Home in S Mode | AG15-31P-3947",
6,https://amazon.com/SAMSUNG-Internal-Gaming-MZ-V8P2T0B-AM/dp/B08RK2SR23/ref=sr_1_6?content-id=amzn1.sym.48dedb24-204f-4fb3-a22a-bd005b512d57&dib=eyJ2IjoiMSJ9.axb5pLx7iXmz3Z663U3PiqaJxBEtvBPEttFkwDEN6wruVzTDRVcLIR7iZOjcy3SuN_rS2wMJRbcCDwHLAzmmZcs6TGzPz-ZBXyP-VkZytdk81SAt6RcQyj0TLCpFiWe8m6PNPI9cxyjAl2GcQjLUZ-TWSDk8YAkmr_hf_RPSWHy7NZwYn9kIT6Mr4QPVauwCR5J85dw2pXfZHGAzUn5wey7kKTPMbBQgNsVmqC1bPHVUk7U4Yfg0foQ0iuOReV2UJYB9PeDwi7nZUAD9pG-cCmA2wu-b3_qc0Q7oa8TjJEc.SnLMTXhcWGEAthI0kaGw-DOCtOGeCP--tfOvzGLHAsg&dib_tag=se&pd_rd_r=825293e6-c0c3-4415-86a6-67dda8ed433a&pd_rd_w=qVEL7&pd_rd_wg=lZyVa&pf_rd_p=48dedb24-204f-4fb3-a22a-bd005b512d57&pf_rd_r=1ER3G2Q97SB5HS078X29&qid=1733124858&refinements=p_72%3A1248879011&s=computers-intl-ship&sr=1-6,https://m.media-amazon.com/images/I/71KeDAkw+0L._AC_UL320_.jpg,"SAMSUNG 980 PRO SSD 2TB PCIe NVMe Gen 4 Gaming M.2 Internal Solid State Drive Memory Card , Maximum Speed, Thermal Control MZ-V8P2T0B/AM",,4.8,"SAMSUNG 980 PRO SSD 2TB PCIe NVMe Gen 4 Gaming M.2 Internal Solid State Drive Memory Card , Maximum Speed, Thermal Control MZ-V8P2T0B/AM",
7,https://amazon.com/SanDisk-2TB-Extreme-Portable-SDSSDE61-2T00-G25/dp/B08HN37XC1/ref=sr_1_7?content-id=amzn1.sym.48dedb24-204f-4fb3-a22a-bd005b512d57&dib=eyJ2IjoiMSJ9.axb5pLx7iXmz3Z663U3PiqaJxBEtvBPEttFkwDEN6wruVzTDRVcLIR7iZOjcy3SuN_rS2wMJRbcCDwHLAzmmZcs6TGzPz-ZBXyP-VkZytdk81SAt6RcQyj0TLCpFiWe8m6PNPI9cxyjAl2GcQjLUZ-TWSDk8YAkmr_hf_RPSWHy7NZwYn9kIT6Mr4QPVauwCR5J85dw2pXfZHGAzUn5wey7kKTPMbBQgNsVmqC1bPHVUk7U4Yfg0foQ0iuOReV2UJYB9PeDwi7nZUAD9pG-cCmA2wu-b3_qc0Q7oa8TjJEc.SnLMTXhcWGEAthI0kaGw-DOCtOGeCP--tfOvzGLHAsg&dib_tag=se&pd_rd_r=825293e6-c0c3-4415-86a6-67dda8ed433a&pd_rd_w=qVEL7&pd_rd_wg=lZyVa&pf_rd_p=48dedb24-204f-4fb3-a22a-bd005b512d57&pf_rd_r=1ER3G2Q97SB5HS078X29&qid=1733124858&refinements=p_72%3A1248879011&s=computers-intl-ship&sr=1-7,https://m.media-amazon.com/images/I/71ifPsdG1cL._AC_UL320_.jpg,"SanDisk 2TB Extreme Portable SSD - Up to 1050MB/s, USB-C, USB 3.2 Gen 2, IP65 Water and Dust Resistance, Updated Firmware - External Solid State Drive - SDSSDE61-2T00-G25",129,4.6,"SanDisk 2TB Extreme Portable SSD - Up to 1050MB/s, USB-C, USB 3.2 Gen 2, IP65 Water and Dust Resistance, Updated Firmware - External Solid State Drive - SDSSDE61-2T00-G25",
8,https://amazon.com/Ailun-Protector-Generation-Compatible-Sensitive/dp/B0BJPXXM7D/ref=sr_1_8?content-id=amzn1.sym.48dedb24-204f-4fb3-a22a-bd005b512d57&dib=eyJ2IjoiMSJ9.axb5pLx7iXmz3Z663U3PiqaJxBEtvBPEttFkwDEN6wruVzTDRVcLIR7iZOjcy3SuN_rS2wMJRbcCDwHLAzmmZcs6TGzPz-ZBXyP-VkZytdk81SAt6RcQyj0TLCpFiWe8m6PNPI9cxyjAl2GcQjLUZ-TWSDk8YAkmr_hf_RPSWHy7NZwYn9kIT6Mr4QPVauwCR5J85dw2pXfZHGAzUn5wey7kKTPMbBQgNsVmqC1bPHVUk7U4Yfg0foQ0iuOReV2UJYB9PeDwi7nZUAD9pG-cCmA2wu-b3_qc0Q7oa8TjJEc.SnLMTXhcWGEAthI0kaGw-DOCtOGeCP--tfOvzGLHAsg&dib_tag=se&pd_rd_r=825293e6-c0c3-4415-86a6-67dda8ed433a&pd_rd_w=qVEL7&pd_rd_wg=lZyVa&pf_rd_p=48dedb24-204f-4fb3-a22a-bd005b512d57&pf_rd_r=1ER3G2Q97SB5HS078X29&qid=1733124858&refinements=p_72%3A1248879011&s=computers-intl-ship&sr=1-8,https://m.media-amazon.com/images/I/71nVIiWEcgL._AC_UL320_.jpg,Ailun 2 Pack Screen Protector for iPad 10th Generation 10.9 Inch Display 2022 Tempered Glass [Face ID & Apple Pencil Compatible] Ultra Sensitive Case Friendly [2 Pack],5,4.6,Ailun 2 Pack Screen Protector for iPad 10th Generation 10.9 Inch Display 2022 Tempered Glass [Face ID & Apple Pencil Compatible] Ultra Sensitive Case Friendly [2 Pack],
9,https://amazon.com/Wifi-Extender-Booster-Wireless-Repeater/dp/B08RHD97QY/ref=sr_1_9?content-id=amzn1.sym.48dedb24-204f-4fb3-a22a-bd005b512d57&dib=eyJ2IjoiMSJ9.axb5pLx7iXmz3Z663U3PiqaJxBEtvBPEttFkwDEN6wruVzTDRVcLIR7iZOjcy3SuN_rS2wMJRbcCDwHLAzmmZcs6TGzPz-ZBXyP-VkZytdk81SAt6RcQyj0TLCpFiWe8m6PNPI9cxyjAl2GcQjLUZ-TWSDk8YAkmr_hf_RPSWHy7NZwYn9kIT6Mr4QPVauwCR5J85dw2pXfZHGAzUn5wey7kKTPMbBQgNsVmqC1bPHVUk7U4Yfg0foQ0iuOReV2UJYB9PeDwi7nZUAD9pG-cCmA2wu-b3_qc0Q7oa8TjJEc.SnLMTXhcWGEAthI0kaGw-DOCtOGeCP--tfOvzGLHAsg&dib_tag=se&pd_rd_r=825293e6-c0c3-4415-86a6-67dda8ed433a&pd_rd_w=qVEL7&pd_rd_wg=lZyVa&pf_rd_p=48dedb24-204f-4fb3-a22a-bd005b512d57&pf_rd_r=1ER3G2Q97SB5HS078X29&qid=1733124858&refinements=p_72%3A1248879011&s=computers-intl-ship&sr=1-9,https://m.media-amazon.com/images/I/41Y56RIq57L._AC_UL320_.jpg,"TP-Link AC1200 WiFi Extender, 2024 Wirecutter Best WiFi Extender, 1.2Gbps home signal booster, Dual Band 5GHz/2.4GHz, Covers Up to 1500 Sq.ft and 30 Devices ,support Onemesh, One Ethernet Port (RE315)",26,4.2,"TP-Link AC1200 WiFi Extender, 2024 Wirecutter Best WiFi Extender, 1.2Gbps home signal booster, Dual Band 5GHz/2.4GHz, Covers Up to 1500 Sq.ft and 30 Devices ,support Onemesh, One Ethernet Port (RE315)",
10,https://amazon.com/SanDisk-Extreme-microSDXC-Memory-Adapter/dp/B09X7C2GBC/ref=sr_1_10?content-id=amzn1.sym.48dedb24-204f-4fb3-a22a-bd005b512d57&dib=eyJ2IjoiMSJ9.axb5pLx7iXmz3Z663U3PiqaJxBEtvBPEttFkwDEN6wruVzTDRVcLIR7iZOjcy3SuN_rS2wMJRbcCDwHLAzmmZcs6TGzPz-ZBXyP-VkZytdk81SAt6RcQyj0TLCpFiWe8m6PNPI9cxyjAl2GcQjLUZ-TWSDk8YAkmr_hf_RPSWHy7NZwYn9kIT6Mr4QPVauwCR5J85dw2pXfZHGAzUn5wey7kKTPMbBQgNsVmqC1bPHVUk7U4Yfg0foQ0iuOReV2UJYB9PeDwi7nZUAD9pG-cCmA2wu-b3_qc0Q7oa8TjJEc.SnLMTXhcWGEAthI0kaGw-DOCtOGeCP--tfOvzGLHAsg&dib_tag=se&pd_rd_r=825293e6-c0c3-4415-86a6-67dda8ed433a&pd_rd_w=qVEL7&pd_rd_wg=lZyVa&pf_rd_p=48dedb24-204f-4fb3-a22a-bd005b512d57&pf_rd_r=1ER3G2Q97SB5HS078X29&qid=1733124858&refinements=p_72%3A1248879011&s=computers-intl-ship&sr=1-10,https://m.media-amazon.com/images/I/716Qlc98JFL._AC_UL320_.jpg,"SanDisk 512GB Extreme microSDXC UHS-I Memory Card with Adapter - Up to 190MB/s, C10, U3, V30, 4K, 5K, A2, Micro SD Card - SDSQXAV-512G-GN6MA",35,4.8,"SanDisk 512GB Extreme microSDXC UHS-I Memory Card with Adapter - Up to 190MB/s, C10, U3, V30, 4K, 5K, A2, Micro SD Card - SDSQXAV-512G-GN6MA",
11,https://amazon.com/Rejection-Compatible-2018-2021-Precise-Writing/dp/B0831BF1FH/ref=sr_1_11?content-id=amzn1.sym.48dedb24-204f-4fb3-a22a-bd005b512d57&dib=eyJ2IjoiMSJ9.axb5pLx7iXmz3Z663U3PiqaJxBEtvBPEttFkwDEN6wruVzTDRVcLIR7iZOjcy3SuN_rS2wMJRbcCDwHLAzmmZcs6TGzPz-ZBXyP-VkZytdk81SAt6RcQyj0TLCpFiWe8m6PNPI9cxyjAl2GcQjLUZ-TWSDk8YAkmr_hf_RPSWHy7NZwYn9kIT6Mr4QPVauwCR5J85dw2pXfZHGAzUn5wey7kKTPMbBQgNsVmqC1bPHVUk7U4Yfg0foQ0iuOReV2UJYB9PeDwi7nZUAD9pG-cCmA2wu-b3_qc0Q7oa8TjJEc.SnLMTXhcWGEAthI0kaGw-DOCtOGeCP--tfOvzGLHAsg&dib_tag=se&pd_rd_r=825293e6-c0c3-4415-86a6-67dda8ed433a&pd_rd_w=qVEL7&pd_rd_wg=lZyVa&pf_rd_p=48dedb24-204f-4fb3-a22a-bd005b512d57&pf_rd_r=1ER3G2Q97SB5HS078X29&qid=1733124858&refinements=p_72%3A1248879011&s=computers-intl-ship&sr=1-11,https://m.media-amazon.com/images/I/414C25OyjML._AC_UL320_.jpg,"Stylus Pen for iPad 9th&10th Generation-2X Fast Charge Active Pencil Compatible with 2018-2024 Apple iPad Pro 11""/12.9""/M4, iPad Air 3/4/5/M2, iPad 6-10, iPad Mini 5/6 Gen-White",19,4.4,"Stylus Pen for iPad 9th&10th Generation-2X Fast Charge Active Pencil Compatible with 2018-2024 Apple iPad Pro 11""/12.9""/M4, iPad Air 3/4/5/M2, iPad 6-10, iPad Mini 5/6 Gen-White",
12,https://amazon.com/ASUS-Chromebook-Processor-Transparent-CX1400CKA-AS88F/dp/B0CRTJ1LZ4/ref=sr_1_12?content-id=amzn1.sym.48dedb24-204f-4fb3-a22a-bd005b512d57&dib=eyJ2IjoiMSJ9.axb5pLx7iXmz3Z663U3PiqaJxBEtvBPEttFkwDEN6wruVzTDRVcLIR7iZOjcy3SuN_rS2wMJRbcCDwHLAzmmZcs6TGzPz-ZBXyP-VkZytdk81SAt6RcQyj0TLCpFiWe8m6PNPI9cxyjAl2GcQjLUZ-TWSDk8YAkmr_hf_RPSWHy7NZwYn9kIT6Mr4QPVauwCR5J85dw2pXfZHGAzUn5wey7kKTPMbBQgNsVmqC1bPHVUk7U4Yfg0foQ0iuOReV2UJYB9PeDwi7nZUAD9pG-cCmA2wu-b3_qc0Q7oa8TjJEc.SnLMTXhcWGEAthI0kaGw-DOCtOGeCP--tfOvzGLHAsg&dib_tag=se&pd_rd_r=825293e6-c0c3-4415-86a6-67dda8ed433a&pd_rd_w=qVEL7&pd_rd_wg=lZyVa&pf_rd_p=48dedb24-204f-4fb3-a22a-bd005b512d57&pf_rd_r=1ER3G2Q97SB5HS078X29&qid=1733124858&refinements=p_72%3A1248879011&s=computers-intl-ship&sr=1-12,https://m.media-amazon.com/images/I/71oYSGF0gVS._AC_UL320_.jpg,"ASUS Chromebook CX1, 14"" FHD, Intel® Celeron N4500 Processor, 64GB Storage, 4GB RAM, ChromeOS, Transparent Silver, CX1400CKA-AS44F",159,4.1,"ASUS Chromebook CX1, 14"" FHD, Intel® Celeron N4500 Processor, 64GB Storage, 4GB RAM, ChromeOS, Transparent Silver, CX1400CKA-AS44F",
13,https://amazon.com/Seagate-Storage-Expansion-Solid-State/dp/B09BJYXMDW/ref=sr_1_13?content-id=amzn1.sym.48dedb24-204f-4fb3-a22a-bd005b512d57&dib=eyJ2IjoiMSJ9.axb5pLx7iXmz3Z663U3PiqaJxBEtvBPEttFkwDEN6wruVzTDRVcLIR7iZOjcy3SuN_rS2wMJRbcCDwHLAzmmZcs6TGzPz-ZBXyP-VkZytdk81SAt6RcQyj0TLCpFiWe8m6PNPI9cxyjAl2GcQjLUZ-TWSDk8YAkmr_hf_RPSWHy7NZwYn9kIT6Mr4QPVauwCR5J85dw2pXfZHGAzUn5wey7kKTPMbBQgNsVmqC1bPHVUk7U4Yfg0foQ0iuOReV2UJYB9PeDwi7nZUAD9pG-cCmA2wu-b3_qc0Q7oa8TjJEc.SnLMTXhcWGEAthI0kaGw-DOCtOGeCP--tfOvzGLHAsg&dib_tag=se&pd_rd_r=825293e6-c0c3-4415-86a6-67dda8ed433a&pd_rd_w=qVEL7&pd_rd_wg=lZyVa&pf_rd_p=48dedb24-204f-4fb3-a22a-bd005b512d57&pf_rd_r=1ER3G2Q97SB5HS078X29&qid=1733124858&refinements=p_72%3A1248879011&s=computers-intl-ship&sr=1-13,https://m.media-amazon.com/images/I/81Vt8SIjsZL._AC_UL320_.jpg,"Seagate Storage Expansion Card 2TB Solid State Drive - NVMe SSD for Xbox Series X|S, Quick Resume, Plug & Play, Licensed (STJR2000400) Black",199,4.6,"Seagate Storage Expansion Card 2TB Solid State Drive - NVMe SSD for Xbox Series X|S, Quick Resume, Plug & Play, Licensed (STJR2000400) Black",
14,https://amazon.com/SanDisk-128GB-Extreme-UHS-I-Memory/dp/B09X7FXHVJ/ref=sr_1_14?content-id=amzn1.sym.48dedb24-204f-4fb3-a22a-bd005b512d57&dib=eyJ2IjoiMSJ9.axb5pLx7iXmz3Z663U3PiqaJxBEtvBPEttFkwDEN6wruVzTDRVcLIR7iZOjcy3SuN_rS2wMJRbcCDwHLAzmmZcs6TGzPz-ZBXyP-VkZytdk81SAt6RcQyj0TLCpFiWe8m6PNPI9cxyjAl2GcQjLUZ-TWSDk8YAkmr_hf_RPSWHy7NZwYn9kIT6Mr4QPVauwCR5J85dw2pXfZHGAzUn5wey7kKTPMbBQgNsVmqC1bPHVUk7U4Yfg0foQ0iuOReV2UJYB9PeDwi7nZUAD9pG-cCmA2wu-b3_qc0Q7oa8TjJEc.SnLMTXhcWGEAthI0kaGw-DOCtOGeCP--tfOvzGLHAsg&dib_tag=se&pd_rd_r=825293e6-c0c3-4415-86a6-67dda8ed433a&pd_rd_w=qVEL7&pd_rd_wg=lZyVa&pf_rd_p=48dedb24-204f-4fb3-a22a-bd005b512d57&pf_rd_r=1ER3G2Q97SB5HS078X29&qid=1733124858&refinements=p_72%3A1248879011&s=computers-intl-ship&sr=1-14,https://m.media-amazon.com/images/I/81wwLOgkLgL._AC_UL320_.jpg,"SanDisk 128GB Extreme PRO SDXC UHS-I Memory Card - C10, U3, V30, 4K UHD, SD Card - SDSDXXD-128G-GN4IN",18,4.8,"SanDisk 128GB Extreme PRO SDXC UHS-I Memory Card - C10, U3, V30, 4K UHD, SD Card - SDSDXXD-128G-GN4IN",
15,https://amazon.com/Amazon-Basics-microSDXC-Memory-Adapter/dp/B08TJRVWV1/ref=sr_1_15?content-id=amzn1.sym.48dedb24-204f-4fb3-a22a-bd005b512d57&dib=eyJ2IjoiMSJ9.axb5pLx7iXmz3Z663U3PiqaJxBEtvBPEttFkwDEN6wruVzTDRVcLIR7iZOjcy3SuN_rS2wMJRbcCDwHLAzmmZcs6TGzPz-ZBXyP-VkZytdk81SAt6RcQyj0TLCpFiWe8m6PNPI9cxyjAl2GcQjLUZ-TWSDk8YAkmr_hf_RPSWHy7NZwYn9kIT6Mr4QPVauwCR5J85dw2pXfZHGAzUn5wey7kKTPMbBQgNsVmqC1bPHVUk7U4Yfg0foQ0iuOReV2UJYB9PeDwi7nZUAD9pG-cCmA2wu-b3_qc0Q7oa8TjJEc.SnLMTXhcWGEAthI0kaGw-DOCtOGeCP--tfOvzGLHAsg&dib_tag=se&pd_rd_r=825293e6-c0c3-4415-86a6-67dda8ed433a&pd_rd_w=qVEL7&pd_rd_wg=lZyVa&pf_rd_p=48dedb24-204f-4fb3-a22a-bd005b512d57&pf_rd_r=1ER3G2Q97SB5HS078X29&qid=1733124858&refinements=p_72%3A1248879011&s=computers-intl-ship&sr=1-15,https://m.media-amazon.com/images/I/61DwejyTGkL._AC_UL320_.jpg,"Amazon Basics Micro SDXC Memory Card with Full Size Adapter, A2, U3, Read Speed up to 100 MB/s, 128 GB, Black",10,4.7,"Amazon Basics Micro SDXC Memory Card with Full Size Adapter, A2, U3, Read Speed up to 100 MB/s, 128 GB, Black",
16,https://amazon.com/WD_BLACK-SN850X-Internal-Gaming-Solid/dp/B0B7CMZ3QH/ref=sr_1_16?content-id=amzn1.sym.48dedb24-204f-4fb3-a22a-bd005b512d57&dib=eyJ2IjoiMSJ9.axb5pLx7iXmz3Z663U3PiqaJxBEtvBPEttFkwDEN6wruVzTDRVcLIR7iZOjcy3SuN_rS2wMJRbcCDwHLAzmmZcs6TGzPz-ZBXyP-VkZytdk81SAt6RcQyj0TLCpFiWe8m6PNPI9cxyjAl2GcQjLUZ-TWSDk8YAkmr_hf_RPSWHy7NZwYn9kIT6Mr4QPVauwCR5J85dw2pXfZHGAzUn5wey7kKTPMbBQgNsVmqC1bPHVUk7U4Yfg0foQ0iuOReV2UJYB9PeDwi7nZUAD9pG-cCmA2wu-b3_qc0Q7oa8TjJEc.SnLMTXhcWGEAthI0kaGw-DOCtOGeCP--tfOvzGLHAsg&dib_tag=se&pd_rd_r=825293e6-c0c3-4415-86a6-67dda8ed433a&pd_rd_w=qVEL7&pd_rd_wg=lZyVa&pf_rd_p=48dedb24-204f-4fb3-a22a-bd005b512d57&pf_rd_r=1ER3G2Q97SB5HS078X29&qid=1733124858&refinements=p_72%3A1248879011&s=computers-intl-ship&sr=1-16,https://m.media-amazon.com/images/I/61KeSQhDm4L._AC_UL320_.jpg,"WD_BLACK 2TB SN850X NVMe Internal Gaming SSD Solid State Drive - Gen4 PCIe, M.2 2280, Up to 7,300 MB/s - WDS200T2X0E",,4.8,"WD_BLACK 2TB SN850X NVMe Internal Gaming SSD Solid State Drive - Gen4 PCIe, M.2 2280, Up to 7,300 MB/s - WDS200T2X0E",
17,https://amazon.com/Sceptre-24-5-inch-DisplayPort-Speakers-C255B-FWT240/dp/B0BTKJFRDV/ref=sr_1_17?content-id=amzn1.sym.48dedb24-204f-4fb3-a22a-bd005b512d57&dib=eyJ2IjoiMSJ9.axb5pLx7iXmz3Z663U3PiqaJxBEtvBPEttFkwDEN6wruVzTDRVcLIR7iZOjcy3SuN_rS2wMJRbcCDwHLAzmmZcs6TGzPz-ZBXyP-VkZytdk81SAt6RcQyj0TLCpFiWe8m6PNPI9cxyjAl2GcQjLUZ-TWSDk8YAkmr_hf_RPSWHy7NZwYn9kIT6Mr4QPVauwCR5J85dw2pXfZHGAzUn5wey7kKTPMbBQgNsVmqC1bPHVUk7U4Yfg0foQ0iuOReV2UJYB9PeDwi7nZUAD9pG-cCmA2wu-b3_qc0Q7oa8TjJEc.SnLMTXhcWGEAthI0kaGw-DOCtOGeCP--tfOvzGLHAsg&dib_tag=se&pd_rd_r=825293e6-c0c3-4415-86a6-67dda8ed433a&pd_rd_w=qVEL7&pd_rd_wg=lZyVa&pf_rd_p=48dedb24-204f-4fb3-a22a-bd005b512d57&pf_rd_r=1ER3G2Q97SB5HS078X29&qid=1733124858&refinements=p_72%3A1248879011&s=computers-intl-ship&sr=1-17,https://m.media-amazon.com/images/I/71P1MZ8ztDL._AC_UL320_.jpg,"Sceptre Curved 24.5-inch Gaming Monitor up to 240Hz 1080p R1500 1ms DisplayPort x2 HDMI x2 Blue Light Shift Build-in Speakers, Machine Black 2023 (C255B-FWT240)",117,4.4,"Sceptre Curved 24.5-inch Gaming Monitor up to 240Hz 1080p R1500 1ms DisplayPort x2 HDMI x2 Blue Light Shift Build-in Speakers, Machine Black 2023 (C255B-FWT240)",
18,https://amazon.com/Sceptre-DisplayPort-FreeSync-Frameless-E275W-FW100T/dp/B0CHHSFMRL/ref=sr_1_18?content-id=amzn1.sym.48dedb24-204f-4fb3-a22a-bd005b512d57&dib=eyJ2IjoiMSJ9.axb5pLx7iXmz3Z663U3PiqaJxBEtvBPEttFkwDEN6wruVzTDRVcLIR7iZOjcy3SuN_rS2wMJRbcCDwHLAzmmZcs6TGzPz-ZBXyP-VkZytdk81SAt6RcQyj0TLCpFiWe8m6PNPI9cxyjAl2GcQjLUZ-TWSDk8YAkmr_hf_RPSWHy7NZwYn9kIT6Mr4QPVauwCR5J85dw2pXfZHGAzUn5wey7kKTPMbBQgNsVmqC1bPHVUk7U4Yfg0foQ0iuOReV2UJYB9PeDwi7nZUAD9pG-cCmA2wu-b3_qc0Q7oa8TjJEc.SnLMTXhcWGEAthI0kaGw-DOCtOGeCP--tfOvzGLHAsg&dib_tag=se&pd_rd_r=825293e6-c0c3-4415-86a6-67dda8ed433a&pd_rd_w=qVEL7&pd_rd_wg=lZyVa&pf_rd_p=48dedb24-204f-4fb3-a22a-bd005b512d57&pf_rd_r=1ER3G2Q97SB5HS078X29&qid=1733124858&refinements=p_72%3A1248879011&s=computers-intl-ship&sr=1-18,https://m.media-amazon.com/images/I/71jdr9u9YhL._AC_UL320_.jpg,"Sceptre New 27-inch Gaming Monitor 100Hz 1ms DisplayPort HDMI x2 100% sRGB AMD FreeSync Build-in Speakers, Eye Care Frameless Machine Black 2024 (E275W-FW100T)",89,4.5,"Sceptre New 27-inch Gaming Monitor 100Hz 1ms DisplayPort HDMI x2 100% sRGB AMD FreeSync Build-in Speakers, Eye Care Frameless Machine Black 2024 (E275W-FW100T)",
19,https://amazon.com/HP-Generation-i3-1215U-Graphics-14-dq5009nr/dp/B0CS3XPZNH/ref=sr_1_19?content-id=amzn1.sym.48dedb24-204f-4fb3-a22a-bd005b512d57&dib=eyJ2IjoiMSJ9.axb5pLx7iXmz3Z663U3PiqaJxBEtvBPEttFkwDEN6wruVzTDRVcLIR7iZOjcy3SuN_rS2wMJRbcCDwHLAzmmZcs6TGzPz-ZBXyP-VkZytdk81SAt6RcQyj0TLCpFiWe8m6PNPI9cxyjAl2GcQjLUZ-TWSDk8YAkmr_hf_RPSWHy7NZwYn9kIT6Mr4QPVauwCR5J85dw2pXfZHGAzUn5wey7kKTPMbBQgNsVmqC1bPHVUk7U4Yfg0foQ0iuOReV2UJYB9PeDwi7nZUAD9pG-cCmA2wu-b3_qc0Q7oa8TjJEc.SnLMTXhcWGEAthI0kaGw-DOCtOGeCP--tfOvzGLHAsg&dib_tag=se&pd_rd_r=825293e6-c0c3-4415-86a6-67dda8ed433a&pd_rd_w=qVEL7&pd_rd_wg=lZyVa&pf_rd_p=48dedb24-204f-4fb3-a22a-bd005b512d57&pf_rd_r=1ER3G2Q97SB5HS078X29&qid=1733124858&refinements=p_72%3A1248879011&s=computers-intl-ship&sr=1-19,https://m.media-amazon.com/images/I/81tnwNLrlDL._AC_UL320_.jpg,"HP 14 inch Laptop, HD Display, 12th Generation Intel Core i3-1215U, 8 GB RAM, 256 GB SSD, Intel UHD Graphics, Windows 11 Home in S Mode, 14-dq5009nr (2024)",309,4.2,"HP 14 inch Laptop, HD Display, 12th Generation Intel Core i3-1215U, 8 GB RAM, 256 GB SSD, Intel UHD Graphics, Windows 11 Home in S Mode, 14-dq5009nr (2024)",
20,https://amazon.com/SAMSUNG-Dust-Resistant-Powerful-Processor-Lightweight/dp/B0CCX11JT6/ref=sr_1_20?content-id=amzn1.sym.48dedb24-204f-4fb3-a22a-bd005b512d57&dib=eyJ2IjoiMSJ9.axb5pLx7iXmz3Z663U3PiqaJxBEtvBPEttFkwDEN6wruVzTDRVcLIR7iZOjcy3SuN_rS2wMJRbcCDwHLAzmmZcs6TGzPz-ZBXyP-VkZytdk81SAt6RcQyj0TLCpFiWe8m6PNPI9cxyjAl2GcQjLUZ-TWSDk8YAkmr_hf_RPSWHy7NZwYn9kIT6Mr4QPVauwCR5J85dw2pXfZHGAzUn5wey7kKTPMbBQgNsVmqC1bPHVUk7U4Yfg0foQ0iuOReV2UJYB9PeDwi7nZUAD9pG-cCmA2wu-b3_qc0Q7oa8TjJEc.SnLMTXhcWGEAthI0kaGw-DOCtOGeCP--tfOvzGLHAsg&dib_tag=se&pd_rd_r=825293e6-c0c3-4415-86a6-67dda8ed433a&pd_rd_w=qVEL7&pd_rd_wg=lZyVa&pf_rd_p=48dedb24-204f-4fb3-a22a-bd005b512d57&pf_rd_r=1ER3G2Q97SB5HS078X29&qid=1733124858&refinements=p_72%3A1248879011&s=computers-intl-ship&sr=1-20,https://m.media-amazon.com/images/I/417bx91cc8L._AC_UL320_.jpg,"Samsung Galaxy Tab S9 FE 10.9” 128GB WiFi Android Tablet, Large Display, Long Battery Life, Powerful Processor, S Pen, 8MP Camera, Lightweight Durable Design, Expandable Storage, US Version,2023, Gray",299,4.6,"Samsung Galaxy Tab S9 FE 10.9” 128GB WiFi Android Tablet, Large Display, Long Battery Life, Powerful Processor, S Pen, 8MP Camera, Lightweight Durable Design, Expandable Storage, US Version,2023, Gray",
21,https://amazon.com/LG-UltraGear-34GP63A-B-Compatibility-FreeSync/dp/B0B928B6BC/ref=sr_1_21?content-id=amzn1.sym.48dedb24-204f-4fb3-a22a-bd005b512d57&dib=eyJ2IjoiMSJ9.axb5pLx7iXmz3Z663U3PiqaJxBEtvBPEttFkwDEN6wruVzTDRVcLIR7iZOjcy3SuN_rS2wMJRbcCDwHLAzmmZcs6TGzPz-ZBXyP-VkZytdk81SAt6RcQyj0TLCpFiWe8m6PNPI9cxyjAl2GcQjLUZ-TWSDk8YAkmr_hf_RPSWHy7NZwYn9kIT6Mr4QPVauwCR5J85dw2pXfZHGAzUn5wey7kKTPMbBQgNsVmqC1bPHVUk7U4Yfg0foQ0iuOReV2UJYB9PeDwi7nZUAD9pG-cCmA2wu-b3_qc0Q7oa8TjJEc.SnLMTXhcWGEAthI0kaGw-DOCtOGeCP--tfOvzGLHAsg&dib_tag=se&pd_rd_r=825293e6-c0c3-4415-86a6-67dda8ed433a&pd_rd_w=qVEL7&pd_rd_wg=lZyVa&pf_rd_p=48dedb24-204f-4fb3-a22a-bd005b512d57&pf_rd_r=1ER3G2Q97SB5HS078X29&qid=1733124858&refinements=p_72%3A1248879011&s=computers-intl-ship&sr=1-21,https://m.media-amazon.com/images/I/81soN3bwVFL._AC_UL320_.jpg,"LG UltraGear QHD 34-Inch Curved Gaming Monitor 34GP63A-B, VA with HDR 10 Compatibility and AMD FreeSync Premium, 160Hz, Black",239,4.5,"LG UltraGear QHD 34-Inch Curved Gaming Monitor 34GP63A-B, VA with HDR 10 Compatibility and AMD FreeSync Premium, 160Hz, Black",
22,https://amazon.com/Xbox-Core-Wireless-Controller-Deep-Controllers/dp/B09VV5LJS1/ref=sr_1_22?content-id=amzn1.sym.48dedb24-204f-4fb3-a22a-bd005b512d57&dib=eyJ2IjoiMSJ9.axb5pLx7iXmz3Z663U3PiqaJxBEtvBPEttFkwDEN6wruVzTDRVcLIR7iZOjcy3SuN_rS2wMJRbcCDwHLAzmmZcs6TGzPz-ZBXyP-VkZytdk81SAt6RcQyj0TLCpFiWe8m6PNPI9cxyjAl2GcQjLUZ-TWSDk8YAkmr_hf_RPSWHy7NZwYn9kIT6Mr4QPVauwCR5J85dw2pXfZHGAzUn5wey7kKTPMbBQgNsVmqC1bPHVUk7U4Yfg0foQ0iuOReV2UJYB9PeDwi7nZUAD9pG-cCmA2wu-b3_qc0Q7oa8TjJEc.SnLMTXhcWGEAthI0kaGw-DOCtOGeCP--tfOvzGLHAsg&dib_tag=se&pd_rd_r=825293e6-c0c3-4415-86a6-67dda8ed433a&pd_rd_w=qVEL7&pd_rd_wg=lZyVa&pf_rd_p=48dedb24-204f-4fb3-a22a-bd005b512d57&pf_rd_r=1ER3G2Q97SB5HS078X29&qid=1733124858&refinements=p_72%3A1248879011&s=computers-intl-ship&sr=1-22,https://m.media-amazon.com/images/I/61hxzGfRpKL._AC_UL320_.jpg,"Xbox Core Wireless Gaming Controller – Deep Pink – Xbox Series X|S, Xbox One, Windows PC, Android, and iOS",,4.6,"Xbox Core Wireless Gaming Controller – Deep Pink – Xbox Series X|S, Xbox One, Windows PC, Android, and iOS",
23,https://amazon.com/AMD-7600X-12-Thread-Unlocked-Processor/dp/B0BBJDS62N/ref=sr_1_23?content-id=amzn1.sym.48dedb24-204f-4fb3-a22a-bd005b512d57&dib=eyJ2IjoiMSJ9.axb5pLx7iXmz3Z663U3PiqaJxBEtvBPEttFkwDEN6wruVzTDRVcLIR7iZOjcy3SuN_rS2wMJRbcCDwHLAzmmZcs6TGzPz-ZBXyP-VkZytdk81SAt6RcQyj0TLCpFiWe8m6PNPI9cxyjAl2GcQjLUZ-TWSDk8YAkmr_hf_RPSWHy7NZwYn9kIT6Mr4QPVauwCR5J85dw2pXfZHGAzUn5wey7kKTPMbBQgNsVmqC1bPHVUk7U4Yfg0foQ0iuOReV2UJYB9PeDwi7nZUAD9pG-cCmA2wu-b3_qc0Q7oa8TjJEc.SnLMTXhcWGEAthI0kaGw-DOCtOGeCP--tfOvzGLHAsg&dib_tag=se&pd_rd_r=825293e6-c0c3-4415-86a6-67dda8ed433a&pd_rd_w=qVEL7&pd_rd_wg=lZyVa&pf_rd_p=48dedb24-204f-4fb3-a22a-bd005b512d57&pf_rd_r=1ER3G2Q97SB5HS078X29&qid=1733124858&refinements=p_72%3A1248879011&s=computers-intl-ship&sr=1-23,https://m.media-amazon.com/images/I/41j61j9aZGL._AC_UL320_.jpg,"AMD Ryzen 5 7600X 6-Core, 12-Thread Unlocked Desktop Processor",,4.8,"AMD Ryzen 5 7600X 6-Core, 12-Thread Unlocked Desktop Processor",
24,https://amazon.com/Lenovo-3i-Chromebook-Everyday-Notebook/dp/B0BSJ46KY9/ref=sr_1_24?content-id=amzn1.sym.48dedb24-204f-4fb3-a22a-bd005b512d57&dib=eyJ2IjoiMSJ9.axb5pLx7iXmz3Z663U3PiqaJxBEtvBPEttFkwDEN6wruVzTDRVcLIR7iZOjcy3SuN_rS2wMJRbcCDwHLAzmmZcs6TGzPz-ZBXyP-VkZytdk81SAt6RcQyj0TLCpFiWe8m6PNPI9cxyjAl2GcQjLUZ-TWSDk8YAkmr_hf_RPSWHy7NZwYn9kIT6Mr4QPVauwCR5J85dw2pXfZHGAzUn5wey7kKTPMbBQgNsVmqC1bPHVUk7U4Yfg0foQ0iuOReV2UJYB9PeDwi7nZUAD9pG-cCmA2wu-b3_qc0Q7oa8TjJEc.SnLMTXhcWGEAthI0kaGw-DOCtOGeCP--tfOvzGLHAsg&dib_tag=se&pd_rd_r=825293e6-c0c3-4415-86a6-67dda8ed433a&pd_rd_w=qVEL7&pd_rd_wg=lZyVa&pf_rd_p=48dedb24-204f-4fb3-a22a-bd005b512d57&pf_rd_r=1ER3G2Q97SB5HS078X29&qid=1733124858&refinements=p_72%3A1248879011&s=computers-intl-ship&sr=1-24,https://m.media-amazon.com/images/I/71bwzCMcQvL._AC_UL320_.jpg,"Lenovo IdeaPad 3i Chromebook, 15.6” FHD Display, Intel Celeron N4500, 8GB RAM, 64GB eMMC, 1920x1080 px, 720p Camera, Chrome OS, Abyss Blue",254,4.2,"Lenovo IdeaPad 3i Chromebook, 15.6” FHD Display, Intel Celeron N4500, 8GB RAM, 64GB eMMC, 1920x1080 px, 720p Camera, Chrome OS, Abyss Blue",
